{
  "per_model": {
    "b1": {
      "grounding": 0.8562671707890055,
      "citation_f1": 0.2653061224489796,
      "citation_precision": 0.15918367346938772,
      "citation_recall": 0.7959183673469388,
      "rouge1": 0.42033265306122447,
      "rouge2": 0.29998673469387754,
      "rougeL": 0.36867346938775514,
      "ctx_rouge1": 0.8869,
      "ctx_rouge2": 0.6754244897959184,
      "ctx_rougeL": 0.7682948979591837,
      "recall_at_20": 0.7959183673469388,
      "fcrs": 0.8717568597403648,
      "completeness": 0.8840175904587012,
      "citation_coverage": 0.8545918367346939,
      "tool_appropriateness": 1.0,
      "escalation_accuracy_per_query": 1.0,
      "latency_p50": 7663.871082942933,
      "latency_p95": 9136.628033063605,
      "latency_mean": 7771.619226643341,
      "cgal_efficiency": 0.0
    },
    "b2": {
      "grounding": 0.7990401976929145,
      "citation_f1": 0.261904761904762,
      "citation_precision": 0.1571428571428571,
      "citation_recall": 0.7857142857142857,
      "rouge1": 0.39021326530612255,
      "rouge2": 0.26222244897959185,
      "rougeL": 0.3274704081632653,
      "ctx_rouge1": 0.8349704081632653,
      "ctx_rouge2": 0.6178469387755102,
      "ctx_rougeL": 0.726957142857143,
      "recall_at_20": 0.7857142857142857,
      "fcrs": 0.8757899322899697,
      "completeness": 0.8745320122055456,
      "citation_coverage": 0.8775510204081632,
      "tool_appropriateness": 1.0,
      "escalation_accuracy_per_query": 1.0,
      "latency_p50": 7424.11560396431,
      "latency_p95": 10761.282599938497,
      "latency_mean": 7925.842784007783,
      "cgal_efficiency": 0.0
    },
    "b3": {
      "grounding": 0.8615176399986257,
      "citation_f1": 0.4078231292517007,
      "citation_precision": 0.2886054421768708,
      "citation_recall": 0.7653061224489796,
      "rouge1": 0.4133112244897959,
      "rouge2": 0.3015153061224489,
      "rougeL": 0.36218265306122444,
      "ctx_rouge1": 0.8888214285714284,
      "ctx_rouge2": 0.6888806122448979,
      "ctx_rougeL": 0.7801234693877551,
      "recall_at_20": 0.7653061224489796,
      "fcrs": 0.8675859989577275,
      "completeness": 0.8823340157059585,
      "citation_coverage": 0.8469387755102041,
      "tool_appropriateness": 1.0,
      "escalation_accuracy_per_query": 1.0,
      "latency_p50": 7776.316854462493,
      "latency_p95": 10486.237012501804,
      "latency_mean": 7882.173422526816,
      "cgal_efficiency": 0.0
    },
    "m1": {
      "grounding": 0.9206036398749268,
      "citation_f1": 0.3840136054421769,
      "citation_precision": 0.26819727891156464,
      "citation_recall": 0.7551020408163265,
      "rouge1": 0.5158193877551019,
      "rouge2": 0.37338163265306124,
      "rougeL": 0.45874897959183664,
      "ctx_rouge1": 0.9437030612244898,
      "ctx_rouge2": 0.7729632653061226,
      "ctx_rougeL": 0.8734306122448979,
      "recall_at_20": 0.6530612244897959,
      "fcrs": 0.8765306377829878,
      "completeness": 0.904956312001157,
      "citation_coverage": 0.8367346938775511,
      "tool_appropriateness": 1.0,
      "escalation_accuracy_per_query": 1.0,
      "latency_p50": 12896.93093742244,
      "latency_p95": 14590.474224928765,
      "latency_mean": 12816.90794255285,
      "cgal_efficiency": 1.0
    },
    "m2": {
      "grounding": 0.9295561107140315,
      "citation_f1": 0.3840136054421769,
      "citation_precision": 0.26819727891156464,
      "citation_recall": 0.7551020408163265,
      "rouge1": 0.5148265306122448,
      "rouge2": 0.3691979591836735,
      "rougeL": 0.4537153061224489,
      "ctx_rouge1": 0.9510816326530611,
      "ctx_rouge2": 0.7892448979591837,
      "ctx_rougeL": 0.8771581632653059,
      "recall_at_20": 0.6530612244897959,
      "fcrs": 0.8762380685615024,
      "completeness": 0.9044547647643252,
      "citation_coverage": 0.8367346938775511,
      "tool_appropriateness": 1.0,
      "escalation_accuracy_per_query": 1.0,
      "latency_p50": 12881.03383302223,
      "latency_p95": 14254.891632887298,
      "latency_mean": 12797.295626722114,
      "cgal_efficiency": 1.0
    },
    "m3": {
      "grounding": 0.9295561107140315,
      "citation_f1": 0.3840136054421769,
      "citation_precision": 0.26819727891156464,
      "citation_recall": 0.7551020408163265,
      "rouge1": 0.5148265306122448,
      "rouge2": 0.3691979591836735,
      "rougeL": 0.4537153061224489,
      "ctx_rouge1": 0.9510816326530611,
      "ctx_rouge2": 0.7892448979591837,
      "ctx_rougeL": 0.8771581632653059,
      "recall_at_20": 0.6530612244897959,
      "fcrs": 0.8762380685615024,
      "completeness": 0.9044547647643252,
      "citation_coverage": 0.8367346938775511,
      "tool_appropriateness": 1.0,
      "escalation_accuracy_per_query": 1.0,
      "latency_p50": 12855.580062489025,
      "latency_p95": 14174.879670428341,
      "latency_mean": 12743.396239738902,
      "cgal_efficiency": 1.0
    },
    "m4": {
      "grounding": 0.9282117407982332,
      "citation_f1": 0.3840136054421769,
      "citation_precision": 0.26819727891156464,
      "citation_recall": 0.7551020408163265,
      "rouge1": 0.5125102040816326,
      "rouge2": 0.36653367346938776,
      "rougeL": 0.4508265306122448,
      "ctx_rouge1": 0.9498265306122449,
      "ctx_rouge2": 0.7857489795918368,
      "ctx_rougeL": 0.8740469387755102,
      "recall_at_20": 0.6530612244897959,
      "fcrs": 0.8718553035353181,
      "completeness": 0.9042300830284754,
      "citation_coverage": 0.826530612244898,
      "tool_appropriateness": 1.0,
      "escalation_accuracy_per_query": 1.0,
      "latency_p50": 12838.419291481841,
      "latency_p95": 14694.060362473827,
      "latency_mean": 12986.489898008436,
      "cgal_efficiency": 1.0204081632653061
    },
    "m5": {
      "grounding": 0.9020769755951331,
      "citation_f1": 0.3550043493921045,
      "citation_precision": 0.24392246075919544,
      "citation_recall": 0.7755102040816326,
      "rouge1": 0.49841734693877554,
      "rouge2": 0.35582653061224484,
      "rougeL": 0.42972142857142853,
      "ctx_rouge1": 0.9328857142857142,
      "ctx_rouge2": 0.758704081632653,
      "ctx_rougeL": 0.8492948979591836,
      "recall_at_20": 0.7448979591836735,
      "fcrs": 0.8761378041893042,
      "completeness": 0.8988164106802065,
      "citation_coverage": 0.8443877551020408,
      "tool_appropriateness": 1.0,
      "escalation_accuracy_per_query": 1.0,
      "latency_p50": 26732.571062573697,
      "latency_p95": 42355.153341934754,
      "latency_mean": 29609.860999183016,
      "cgal_efficiency": 1.0204081632653061
    }
  },
  "bootstrap_p_values_vs_reference": {
    "b2": 0.756,
    "b3": 0.739,
    "m1": 0.731,
    "m2": 0.764,
    "m3": 0.79,
    "m4": 0.997,
    "m5": 0.736
  },
  "significance_flag_alpha_0.05": {
    "b2": false,
    "b3": false,
    "m1": false,
    "m2": false,
    "m3": false,
    "m4": false,
    "m5": false
  }
}