{
  "per_model": {
    "b1": {
      "grounding": 0.5548321274198311,
      "citation_f1": 0.7,
      "citation_precision": 0.7,
      "citation_recall": 0.7,
      "bertscore_f1": 0.8765488207340241,
      "recall_at_20": 0.0,
      "tool_name_match": 1.0,
      "tool_arg_f1": 1.0,
      "fcrs": 0.8817920872569085,
      "completeness": 0.8765488207340241,
      "citation_coverage": 0.7,
      "tool_appropriateness": 1.0,
      "escalation_accuracy_per_query": 1.0,
      "latency_p50": 23306.116354011465,
      "latency_p95": 25864.003029333253,
      "latency_mean": 22843.098587499117,
      "cgal_efficiency": 0.0,
      "escalation_f1": 0.0
    },
    "b2": {
      "grounding": 0.5879577777078877,
      "citation_f1": 0.7,
      "citation_precision": 0.7,
      "citation_recall": 0.7,
      "bertscore_f1": 0.8858487129211425,
      "recall_at_20": 0.1,
      "tool_name_match": 1.0,
      "tool_arg_f1": 1.0,
      "fcrs": 0.8850470495223999,
      "completeness": 0.8858487129211425,
      "citation_coverage": 0.7,
      "tool_appropriateness": 1.0,
      "escalation_accuracy_per_query": 1.0,
      "latency_p50": 24330.005145500763,
      "latency_p95": 27402.543543605134,
      "latency_mean": 24451.77496660326,
      "cgal_efficiency": 0.0,
      "escalation_f1": 0.0
    },
    "b3": {
      "grounding": 0.5221950694233303,
      "citation_f1": 0.4,
      "citation_precision": 0.4,
      "citation_recall": 0.4,
      "bertscore_f1": 0.8556841135025024,
      "recall_at_20": 0.0,
      "tool_name_match": 1.0,
      "tool_arg_f1": 1.0,
      "fcrs": 0.7994894397258758,
      "completeness": 0.8556841135025024,
      "citation_coverage": 0.4,
      "tool_appropriateness": 1.0,
      "escalation_accuracy_per_query": 1.0,
      "latency_p50": 23727.917166499537,
      "latency_p95": 25840.278056245006,
      "latency_mean": 23685.08328330354,
      "cgal_efficiency": 0.0,
      "escalation_f1": 0.0
    },
    "m5": {
      "grounding": 0.7467381245135597,
      "citation_f1": 0.2666666666666667,
      "citation_precision": 0.16,
      "citation_recall": 0.8,
      "bertscore_f1": 0.8858487129211425,
      "recall_at_20": 0.8,
      "tool_name_match": 1.0,
      "tool_arg_f1": 1.0,
      "fcrs": 0.9100470495223998,
      "completeness": 0.8858487129211425,
      "citation_coverage": 0.8,
      "tool_appropriateness": 1.0,
      "escalation_accuracy_per_query": 1.0,
      "latency_p50": 34328.85643749614,
      "latency_p95": 61001.21093354387,
      "latency_mean": 38788.6919416982,
      "cgal_efficiency": 1.0,
      "escalation_f1": 0.0
    }
  },
  "bootstrap_p_values_vs_reference": {
    "b2": 0.427,
    "b3": 0.007,
    "m5": 0.189
  },
  "significance_flag_alpha_0.05": {
    "b2": false,
    "b3": true,
    "m5": false
  }
}